Marca;Modelo_Versao;Categoria;Autonomia_km;Consumo_MJkm;Cidade_kmLe;Estrada_kmLe;Class_Cat;Class_Geral;preco_PREENCHER;site_PREENCHER
FOTON;ETOANO PRO H;Comercial;179;1.05;20.6;18.1;A;B;;
FOTON;ETOANO PRO M;Comercial;198;1.0;23.5;17.6;A;B;;
FOTON;EVIEW GRAND77;Comercial;187;1.0;20.2;20.5;A;B;;
MERCEDES-BENZ;320 E SPRINTER Chassi;Comercial;206;1.09;21.1;16.3;A;B;;
MERCEDES-BENZ;320 E SPRINTER Furgão;Comercial;206;1.09;21.1;16.3;A;B;;
PEUGEOT;E-EXPERT CARGO;Comercial;258;0.75;28.1;26.1;A;A;;
RENAULT;E-KWID CARGO;Comercial;185;0.44;52.7;39.6;A;A;;
RENAULT;KANGOO ETECHL2;Comercial;210;0.6;37.5;30.3;A;A;;
MINI;Cooper E;Compacto;239;0.46;48.0;39.7;A;A;;
MINI;Cooper SE;Compacto;312;0.48;46.1;38.4;A;A;;
MINI;JCW-E 3P;Compacto;306;0.48;43.8;40.2;A;A;;
PEUGEOT;E-208 GT;Compacto;220;0.59;37.8;30.8;A;A;;
MG;CYBERSTER 77 KWH AWD;Esportivo;342;0.56;38.9;33.9;A;A;;
PORSCHE;TAYCAN TURBOGT;Esportivo;442;0.64;33.7;29.7;A;A;;
AUDI;A6 Avant e-tron S line;Extra Grande;474;0.6;37.0;31.1;A;A;;
AUDI;A6 e-tron Performance black;Extra Grande;445;0.59;36.4;31.8;A;A;;
AUDI;A6 e-tron S line;Extra Grande;443;0.59;36.5;32.2;A;A;;
AUDI;Q6 Sportback e-tron Quattro S line;Extra Grande;432;0.6;35.7;31.5;A;A;;
AUDI;Q6 e-tron Quattro Dynamic;Extra Grande;424;0.61;35.3;30.6;A;A;;
AUDI;Q6 e-tron Quattro S line;Extra Grande;424;0.61;35.3;30.6;A;A;;
AUDI;RS e-tron GT Performance;Extra Grande;348;0.8;25.2;25.9;A;A;;
BMW;iX3 50 XDRIVE MSP;Extra Grande;570;0.54;38.7;35.7;A;A;;
BYD;SEALION 7 GS 690EV;Extra Grande;360;0.66;33.2;28.2;A;A;;
CAOA;CHANGAN AVATR 11 EV;Extra Grande;497;0.6;35.0;32.2;A;A;;
KIA;EV5 2WD AIR 2WD;Extra Grande;402;0.6;37.6;30.5;A;A;;
KIA;EV5 2WD LAND 2WD;Extra Grande;402;0.6;37.6;30.5;A;A;;
LEAPMOTOR;B10 LIFE;Extra Grande;288;0.55;41.2;32.8;A;A;;
LEXUS;RZ 500e;Extra Grande;357;0.57;39.1;32.3;A;A;;
Mercedes-Benz;EQB250+;Extra Grande;376;0.53;40.3;36.6;A;A;;
Mercedes-Benz;GLB250 EV AMGL;Extra Grande;427;0.57;37.8;33.4;A;A;;
PORSCHE;CAYENNE E;Extra Grande;493;0.63;35.0;29.5;A;A;;
PORSCHE;CAYENNE E C;Extra Grande;493;0.63;35.0;29.5;A;A;;
PORSCHE;CAYENNE E CO;Extra Grande;493;0.63;35.0;29.5;A;A;;
PORSCHE;CAYENNE E OF;Extra Grande;493;0.63;35.0;29.5;A;A;;
PORSCHE;MACAN EGTS;Extra Grande;441;0.61;36.1;30.6;A;A;;
VOLVO;ES90 TWIN PE ULT;Extra Grande;524;0.55;38.9;34.3;A;A;;
ZEEKR;7X Flagship AWD;Extra Grande;423;0.64;34.5;29.0;A;A;;
ZEEKR;7X Premium RWD;Extra Grande;491;0.55;39.5;34.0;A;A;;
BYD;YUAN PLUS GS 560EV;Grande;378;0.58;38.3;32.0;A;A;;
GAC;AION UT ELITE;Grande;310;0.57;38.3;32.3;A;A;;
GAC;AION UT PREMIUM;Grande;253;0.51;43.7;35.3;A;A;;
GWM;ORA 5;Grande;349;0.49;44.8;37.1;A;A;;
MG;MG4 URB EV43KWH COM;Grande;299;0.4;56.8;44.0;A;A;;
MG;MG4 URB EV43KWH LUX;Grande;299;0.4;56.8;44.0;A;A;;
MG;MG4 URB EV54KWH COM;Grande;358;0.42;53.0;42.8;A;A;;
MG;MG4 URB EV54KWH LUX;Grande;358;0.42;53.0;42.8;A;A;;
BYD;DOLPHIN SE 290EV;Médio;272;0.49;45.8;36.7;A;A;;
GWM;ORA 03 BEV58 C;Médio;315;0.51;42.8;36.1;A;A;;
SUZUKI;e-Vitara 4STY 2WD;Médio;317;0.54;41.5;34.3;A;A;;
SUZUKI;e-Vitara 4STY 4WD;Médio;293;0.58;37.8;31.6;A;A;;
VOLVO;EX30 CROSSC PLUS;Utilitário Esp. Comp. 4x4;333;0.58;37.8;31.8;A;A;;
VOLVO;EX40 6 CORE;Utilitário Esp. Gde.;364;0.55;39.4;34.3;A;A;;
VOLVO;EX40 6 PLUS;Utilitário Esp. Gde.;364;0.55;39.4;34.3;A;A;;
VOLVO;EX40 6 ULTRA;Utilitário Esp. Gde.;364;0.55;39.4;34.3;A;A;;
PORSCHE;CAYENNE ET;Utilitário Esp. Gde. 4x4;481;0.64;34.3;29.1;A;A;;
PORSCHE;CAYENNE ET C;Utilitário Esp. Gde. 4x4;481;0.64;34.3;29.1;A;A;;
PORSCHE;CAYENNE ET CO;Utilitário Esp. Gde. 4x4;481;0.64;34.3;29.1;A;A;;
PORSCHE;CAYENNE ET OF;Utilitário Esp. Gde. 4x4;481;0.64;34.3;29.1;A;A;;
